<prezi xsi:schemaLocation="http://prezi.com/schema/prezi/2 http://prezi.com/schema/prezi/2" xmlns:xsi="http://www.w3.org/2001/XMLSchema-instance" version="2" xmlns="http://prezi.com/schema/prezi/2"><xFields><xField name="preziType"><xEnum type="PreziType" value="converted-from-core"/></xField></xFields><documentStyle><documentStyle><fontClasses><array><fontClass><fontFamily><string value="Arimo"/></fontFamily><name><string value="body"/></name></fontClass><fontClass><fontFamily><string value="Arimo"/></fontFamily><fontWeight><fontWeight value="bold"/></fontWeight><name><string value="head"/></name></fontClass><fontClass><fontFamily><string value="Arimo"/></fontFamily><fontStyle><fontStyle value="italic"/></fontStyle><fontWeight><fontWeight value="bold"/></fontWeight><name><string value="strong"/></name></fontClass><fontClass><fontFamily><string value="Arimo"/></fontFamily><fontStyle><fontStyle value="italic"/></fontStyle><name><string value="undefined"/></name></fontClass></array></fontClasses><fontFamilies><array><fontFamily><fontFaces><array><fontFace><fontSrc><string value="Arimo-Regular.keg"/></fontSrc></fontFace><fontFace><fontSrc><string value="Arimo-Bold.keg"/></fontSrc><fontWeight><fontWeight value="bold"/></fontWeight></fontFace><fontFace><fontSrc><string value="Arimo-BoldItalic.keg"/></fontSrc><fontStyle><fontStyle value="italic"/></fontStyle><fontWeight><fontWeight value="bold"/></fontWeight></fontFace><fontFace><fontSrc><string value="Arimo-Italic.keg"/></fontSrc><fontStyle><fontStyle value="italic"/></fontStyle></fontFace></array></fontFaces><name><string value="Arimo"/></name></fontFamily></array></fontFamilies><styleDeclarations><array><styleDeclaration><styleBlock><styleBlock><gradEndAlpha><double value="0.7"/></gradEndAlpha><gradStartAlpha><double value="0.5"/></gradStartAlpha></styleBlock></styleBlock><styleSelector><simpleSelector value="zCircle"/></styleSelector></styleDeclaration><styleDeclaration><styleBlock><styleBlock><color><color value="#C7C7C4"/></color><fillType><fillType value="linear"/></fillType><gradEndColor><color value="#C7C7C4"/></gradEndColor><gradStartColor><color value="#C7C7C4"/></gradStartColor></styleBlock></styleBlock><styleSelector><simpleSelector value="*.line1"/></styleSelector></styleDeclaration><styleDeclaration><styleBlock><styleBlock><color><color value="#555555"/></color><fillType><fillType value="linear"/></fillType><gradEndColor><color value="#555555"/></gradEndColor><gradStartColor><color value="#888888"/></gradStartColor></styleBlock></styleBlock><styleSelector><simpleSelector value="*.line2"/></styleSelector></styleDeclaration><styleDeclaration><styleBlock><styleBlock><color><color value="#5374EC"/></color><fillType><fillType value="linear"/></fillType><gradEndColor><color value="#5374EC"/></gradEndColor><gradStartColor><color value="#5374EC"/></gradStartColor></styleBlock></styleBlock><styleSelector><simpleSelector value="*.line3"/></styleSelector></styleDeclaration><styleDeclaration><styleBlock><styleBlock><color><color value="#66E186"/></color><fillType><fillType value="linear"/></fillType><gradEndColor><color value="#66E186"/></gradEndColor><gradStartColor><color value="#66E186"/></gradStartColor></styleBlock></styleBlock><styleSelector><simpleSelector value="*.line4"/></styleSelector></styleDeclaration><styleDeclaration><styleBlock><styleBlock><color><color value="#FA5151"/></color><fillType><fillType value="linear"/></fillType><gradEndColor><color value="#FA5151"/></gradEndColor><gradStartColor><color value="#FA5151"/></gradStartColor></styleBlock></styleBlock><styleSelector><simpleSelector value="*.line5"/></styleSelector></styleDeclaration><styleDeclaration><styleBlock><styleBlock><color><color value="#FFFFFF"/></color><fillType><fillType value="linear"/></fillType><gradEndColor><color value="#C7C7C4"/></gradEndColor><gradStartColor><color value="#C7C7C4"/></gradStartColor></styleBlock></styleBlock><styleSelector><simpleSelector value="*.poly1"/></styleSelector></styleDeclaration><styleDeclaration><styleBlock><styleBlock><color><color value="#FFFFFF"/></color><fillType><fillType value="linear"/></fillType><gradEndColor><color value="#000000"/></gradEndColor><gradStartColor><color value="#333333"/></gradStartColor></styleBlock></styleBlock><styleSelector><simpleSelector value="*.poly2"/></styleSelector></styleDeclaration><styleDeclaration><styleBlock><styleBlock><color><color value="#FFFFFF"/></color><fillType><fillType value="linear"/></fillType><gradEndColor><color value="#5374EC"/></gradEndColor><gradStartColor><color value="#5374EC"/></gradStartColor></styleBlock></styleBlock><styleSelector><simpleSelector value="*.poly3"/></styleSelector></styleDeclaration><styleDeclaration><styleBlock><styleBlock><color><color value="#FFFFFF"/></color><fillType><fillType value="linear"/></fillType><gradEndColor><color value="#66E186"/></gradEndColor><gradStartColor><color value="#66E186"/></gradStartColor></styleBlock></styleBlock><styleSelector><simpleSelector value="*.poly4"/></styleSelector></styleDeclaration><styleDeclaration><styleBlock><styleBlock><color><color value="#FFFFFF"/></color><fillType><fillType value="linear"/></fillType><gradEndColor><color value="#FA5151"/></gradEndColor><gradStartColor><color value="#FA5151"/></gradStartColor></styleBlock></styleBlock><styleSelector><simpleSelector value="*.poly5"/></styleSelector></styleDeclaration><styleDeclaration><styleBlock><styleBlock><fillType><fillType value="linear"/></fillType><gradEndColor><color value="#FFFFFF"/></gradEndColor><gradStartColor><color value="#FFFFFF"/></gradStartColor></styleBlock></styleBlock><styleSelector><simpleSelector value="background"/></styleSelector></styleDeclaration><styleDeclaration><styleBlock><styleBlock><borderAlpha><double value="0"/></borderAlpha><borderThickness><double value="0"/></borderThickness><fillType><fillType value="linear"/></fillType><gradEndAlpha><double value="1"/></gradEndAlpha><gradEndColor><color value="#FFFFFF"/></gradEndColor><gradStartAlpha><double value="1"/></gradStartAlpha><gradStartColor><color value="#FFFFFF"/></gradStartColor><thickness><double value="10"/></thickness></styleBlock></styleBlock><styleSelector><simpleSelector value="zArrow"/></styleSelector></styleDeclaration><styleDeclaration><styleBlock><styleBlock><borderAlpha><double value="0"/></borderAlpha><gradEndAlpha><double value="1"/></gradEndAlpha><gradStartAlpha><double value="1"/></gradStartAlpha><radius><double value="0"/></radius><thickness><double value="100"/></thickness></styleBlock></styleBlock><styleSelector><simpleSelector value="zCircle"/></styleSelector></styleDeclaration><styleDeclaration><styleBlock><styleBlock><color><color value="#FFFFFF"/></color></styleBlock></styleBlock><styleSelector><simpleSelector value="zPencil"/></styleSelector></styleDeclaration><styleDeclaration><styleBlock><styleBlock><borderAlpha><double value="0"/></borderAlpha><borderColor><color value="#318BFF"/></borderColor><borderThickness><double value="0"/></borderThickness><fillType><fillType value="linear"/></fillType><gradEndAlpha><double value="1"/></gradEndAlpha><gradEndColor><color value="#318BFF"/></gradEndColor><gradStartAlpha><double value="1"/></gradStartAlpha><gradStartColor><color value="#318BFF"/></gradStartColor><padding><double value="1.03"/></padding><thickness><double value="3"/></thickness></styleBlock></styleBlock><styleSelector><simpleSelector value="zBracketFrame"/></styleSelector></styleDeclaration><styleDeclaration><styleBlock><styleBlock><borderAlpha><double value="0"/></borderAlpha><borderColor><color value="#333333"/></borderColor><borderThickness><double value="3"/></borderThickness><fillType><fillType value="linear"/></fillType><gradEndAlpha><double value="1"/></gradEndAlpha><gradEndColor><color value="#318BFF"/></gradEndColor><gradStartAlpha><double value="1"/></gradStartAlpha><gradStartColor><color value="#318BFF"/></gradStartColor><padding><double value="1.03"/></padding><thickness><double value="3"/></thickness></styleBlock></styleBlock><styleSelector><simpleSelector value="zCircleFrame"/></styleSelector></styleDeclaration><styleDeclaration><styleBlock><styleBlock><borderAlpha><double value="1"/></borderAlpha><borderColor><color value="#318BFF"/></borderColor><borderThickness><double value="10"/></borderThickness><fillType><fillType value="linear"/></fillType><gradEndAlpha><double value="0.2"/></gradEndAlpha><gradEndColor><color value="#318BFF"/></gradEndColor><gradStartAlpha><double value="0"/></gradStartAlpha><gradStartColor><color value="#318BFF"/></gradStartColor><padding><double value="1.03"/></padding><radius><double value="1"/></radius><thickness><double value="3"/></thickness></styleBlock></styleBlock><styleSelector><simpleSelector value="zRectangleFrame"/></styleSelector></styleDeclaration><styleDeclaration><styleBlock><styleBlock><padding><double value="1.2"/></padding></styleBlock></styleBlock><styleSelector><simpleSelector value="zText"/></styleSelector></styleDeclaration><styleDeclaration><styleBlock><styleBlock><color><color value="#333333"/></color><fontClass><string value="body"/></fontClass></styleBlock></styleBlock><styleSelector><simpleSelector value="zText.body"/></styleSelector></styleDeclaration><styleDeclaration><styleBlock><styleBlock><backgroundAlpha><double value="0.9"/></backgroundAlpha><backgroundColor><color value="#E4E4DD"/></backgroundColor><backgroundPadding><double value="6"/></backgroundPadding></styleBlock></styleBlock><styleSelector><simpleSelector value="zText.body-background"/></styleSelector></styleDeclaration><styleDeclaration><styleBlock><styleBlock><color><color value="#333333"/></color><fontClass><string value="head"/></fontClass></styleBlock></styleBlock><styleSelector><simpleSelector value="zText.title"/></styleSelector></styleDeclaration><styleDeclaration><styleBlock><styleBlock><backgroundAlpha><double value="0.9"/></backgroundAlpha><backgroundColor><color value="#F6F1A6"/></backgroundColor><backgroundPadding><double value="6"/></backgroundPadding></styleBlock></styleBlock><styleSelector><simpleSelector value="zText.title-background"/></styleSelector></styleDeclaration><styleDeclaration><styleBlock><styleBlock><color><color value="#333333"/></color><fontClass><string value="strong"/></fontClass></styleBlock></styleBlock><styleSelector><simpleSelector value="zText.subtitle"/></styleSelector></styleDeclaration><styleDeclaration><styleBlock><styleBlock><backgroundAlpha><double value="0.9"/></backgroundAlpha><backgroundColor><color value="#D3E2EE"/></backgroundColor><backgroundPadding><double value="6"/></backgroundPadding></styleBlock></styleBlock><styleSelector><simpleSelector value="zText.subtitle-background"/></styleSelector></styleDeclaration><styleDeclaration><styleBlock><styleBlock><color><color value="#FFFFFF"/></color></styleBlock></styleBlock><styleSelector><simpleSelector value="zLine"/></styleSelector></styleDeclaration><styleDeclaration><styleBlock><styleBlock><alpha><double value="0.65"/></alpha><color><color value="#F0EA82"/></color></styleBlock></styleBlock><styleSelector><simpleSelector value="zMarker"/></styleSelector></styleDeclaration><styleDeclaration><styleBlock><styleBlock><borderAlpha><double value="0"/></borderAlpha><gradEndAlpha><double value="1"/></gradEndAlpha><gradStartAlpha><double value="1"/></gradStartAlpha><radius><double value="0"/></radius><thickness><double value="100"/></thickness></styleBlock></styleBlock><styleSelector><simpleSelector value="zTriangle"/></styleSelector></styleDeclaration><styleDeclaration><styleBlock><styleBlock><borderAlpha><double value="0"/></borderAlpha><gradEndAlpha><double value="1"/></gradEndAlpha><gradStartAlpha><double value="1"/></gradStartAlpha><radius><double value="0"/></radius><thickness><double value="100"/></thickness></styleBlock></styleBlock><styleSelector><simpleSelector value="zSquare"/></styleSelector></styleDeclaration></array></styleDeclarations></documentStyle></documentStyle><path><array><flyToObject><actions><array><fadeInObject><target><ref value="6"/></target></fadeInObject></array></actions><target><ref value="0"/></target></flyToObject><flyToObject><actions><array><fadeInObject><target><ref value="10"/></target></fadeInObject></array></actions><target><ref value="8"/></target></flyToObject><flyToObject><actions><array><fadeInObject><target><ref value="27"/></target></fadeInObject><fadeInObject><target><ref value="28"/></target></fadeInObject><fadeInObject><target><ref value="30"/></target></fadeInObject><fadeInObject><target><ref value="31"/></target></fadeInObject></array></actions><target><ref value="21"/></target></flyToObject><flyToObject><actions><array><fadeInObject><target><ref value="35"/></target></fadeInObject><fadeInObject><target><ref value="72"/></target></fadeInObject><fadeInObject><target><ref value="87"/></target></fadeInObject><fadeInObject><target><ref value="11"/></target></fadeInObject><fadeInObject><target><ref value="18"/></target></fadeInObject><fadeInObject><target><ref value="24"/></target></fadeInObject></array></actions><target><ref value="37"/></target></flyToObject><flyToObject><target><ref value="25"/></target></flyToObject><flyToObject><target><ref value="92"/></target></flyToObject></array></path><zObjects><array><zGroup><children><array><ref value="15"/><ref value="10"/><ref value="14"/><ref value="16"/></array></children><id><string value="33"/></id><localToWorld><transform2D x="-331336.8546878194" y="346979.901298788" scale="8.177702200635938" rotation="0"/></localToWorld></zGroup><zGroup><children><array><ref value="48"/><ref value="49"/><ref value="52"/><ref value="51"/><ref value="53"/><ref value="50"/><ref value="54"/><ref value="56"/><ref value="57"/><ref value="58"/><ref value="55"/><ref value="64"/></array></children><id><string value="72"/></id><localToWorld><transform2D x="-318026.60109697044" y="297903.7587326939" scale="1.4100931271717259" rotation="-1.5729804759945263"/></localToWorld></zGroup><zGroup><children><array><ref value="73"/><ref value="85"/><ref value="84"/></array></children><id><string value="87"/></id><localToWorld><transform2D x="-318049.9" y="297901.8" scale="1.4750267186664545" rotation="-1.5729804759945263"/></localToWorld></zGroup><zGroup><children><array><ref value="44"/><ref value="38"/><ref value="39"/><ref value="93"/><ref value="94"/></array></children><id><string value="11"/></id><localToWorld><transform2D x="-318025.33904476464" y="297897.058483994" scale="1.5174676867244714" rotation="-1.5729804759945263"/></localToWorld></zGroup><zGroup><children><array><ref value="12"/><ref value="17"/><ref value="13"/></array></children><id><string value="18"/></id><localToWorld><transform2D x="-318025.55" y="297896.9" scale="2.5890568828073897" rotation="-1.5729804759945263"/></localToWorld></zGroup><zGroup><children><array><ref value="19"/><ref value="23"/><ref value="22"/></array></children><id><string value="24"/></id><localToWorld><transform2D x="-318024.7" y="297897.8" scale="1.5589726809906634" rotation="-1.5729804759945263"/></localToWorld></zGroup><zImage><assetSourceFilename><string value="bamboo-wood-flooring-texture.jpg"/></assetSourceFilename><height><double value="1067"/></height><id><string value="2"/></id><localToWorld><transform2D x="5.026456787192357E-11" y="0" scale="1119.1522875074513" rotation="0"/></localToWorld><offlineAssetId><string value="4662535747"/></offlineAssetId><onlineAssetId><string value="4662535747"/></onlineAssetId><onlineAssetUrl><string value="http://0103.static.prezi.com.s3.amazonaws.com/media/0/a/9/0533f6842f0f44e8008aca914310b5b3556e0.jpg"/></onlineAssetUrl><width><double value="1600"/></width></zImage><zInvisibleFrame><height><double value="540.0903239253882"/></height><id><string value="25"/></id><localToWorld><transform2D x="2588.45741308149" y="11902.875701629735" scale="1853.9353100846981" rotation="0"/></localToWorld><styleClasses><array><token value="invisible"/></array></styleClasses><width><double value="845.3897837288778"/></width></zInvisibleFrame><zInvisibleFrame><height><double value="227.957110400724"/></height><id><string value="0"/></id><localToWorld><transform2D x="5614.391745622644" y="364085.9193974276" scale="1112.9433795875539" rotation="0"/></localToWorld><styleClasses><array><token value="invisible"/></array></styleClasses><width><double value="803.8331503173808"/></width></zInvisibleFrame><zImage><assetSourceFilename><string value="Mat.png"/></assetSourceFilename><height><double value="583"/></height><id><string value="6"/></id><localToWorld><transform2D x="204079.77982961212" y="426812.4849335795" scale="215.88485848363024" rotation="0"/></localToWorld><offlineAssetId><string value="4662545151"/></offlineAssetId><onlineAssetId><string value="4662545151"/></onlineAssetId><onlineAssetUrl><string value="http://0103.static.prezi.com.s3.amazonaws.com/media/2/d/9/cd18a8f0f6e479816a6a124e0d55106e1f7ab.png"/></onlineAssetUrl><width><double value="583"/></width></zImage><zText><id><string value="12_4"/></id><localToWorld><transform2D x="8.980565498018692" y="361719.1355949197" scale="2987.4171926598938" rotation="0"/></localToWorld><styleClasses><array><token value="body"/></array></styleClasses><text><text><width>287.7072268589111</width><p align="center"><span color="16777215"><![CDATA[IMITATION and USELESS]]></span></p><p align="center"><span color="16777215"><![CDATA[ Products]]></span></p></text></text></zText><zImage><assetSourceFilename><string value="iPad-Pro-Mockup.png"/></assetSourceFilename><height><double value="1800"/></height><id><string value="3"/></id><localToWorld><transform2D x="-222067.26797507046" y="-134045.4520535339" scale="262.43743541712433" rotation="-0.3771560076674458"/></localToWorld><offlineAssetId><string value="4662539284"/></offlineAssetId><onlineAssetId><string value="4662539284"/></onlineAssetId><onlineAssetUrl><string value="http://0103.static.prezi.com.s3.amazonaws.com/media/6/8/0/8d2b8813ebd1188ae0bf9ca06a7f2597d6a8a.png"/></onlineAssetUrl><width><double value="1341"/></width></zImage><zText><id><string value="4"/></id><localToWorld><transform2D x="11170.768968997994" y="451857.764186887" scale="1049.7497416684969" rotation="0"/></localToWorld><styleClasses><array><token value="body"/></array></styleClasses><text><text><width>273.4833594980282</width><p><span><![CDATA[U s a b i l i t y day 2 0 1 6]]></span></p></text></text></zText><zInvisibleFrame><height><double value="600"/></height><id><string value="7"/></id><localToWorld><transform2D x="-28177.350514542853" y="229162.10440642925" scale="96.53969376715048" rotation="0"/></localToWorld><styleClasses><array><token value="invisible"/></array></styleClasses><width><double value="800"/></width></zInvisibleFrame><zInvisibleFrame><height><double value="990.0181214271776"/></height><id><string value="9"/></id><localToWorld><transform2D x="224351.9830235943" y="398985.4378691724" scale="190.4268754485484" rotation="0"/></localToWorld><styleClasses><array><token value="invisible"/></array></styleClasses><width><double value="744.401363224828"/></width></zInvisibleFrame><zImage><assetSourceFilename><string value="Surface_Pro_3_Mockup.png"/></assetSourceFilename><height><double value="1800"/></height><id><string value="5"/></id><localToWorld><transform2D x="139724.264615872" y="-147420.89524656176" scale="282.96436142241754" rotation="-0.3771560076674459"/></localToWorld><offlineAssetId><string value="4662552756"/></offlineAssetId><onlineAssetId><string value="4662552756"/></onlineAssetId><onlineAssetUrl><string value="http://0103.static.prezi.com.s3.amazonaws.com/media/c/b/c/7dd9b51988a8358fb2f6daf694a5c8236d0eb.png"/></onlineAssetUrl><width><double value="1607"/></width></zImage><zInvisibleFrame><height><double value="272.75609036449055"/></height><id><string value="8"/></id><localToWorld><transform2D x="-331468.5494583299" y="346980.6165957206" scale="13.1935927034708" rotation="0"/></localToWorld><styleClasses><array><token value="invisible"/></array></styleClasses><width><double value="416.2401815270473"/></width></zInvisibleFrame><zImage><assetSourceFilename><string value="Untitled-.png"/></assetSourceFilename><height><double value="300"/></height><id><string value="15"/></id><localToWorld><transform2D x="-331336.8546878194" y="346979.901298788" scale="14.459678093877478" rotation="0"/></localToWorld><offlineAssetId><string value="4662560595"/></offlineAssetId><onlineAssetId><string value="4662560595"/></onlineAssetId><onlineAssetUrl><string value="http://0103.static.prezi.com.s3.amazonaws.com/media/6/9/d/082d38173a5cd2c09d8bb5d9857cf6367b5a2.png"/></onlineAssetUrl><width><double value="484"/></width></zImage><zText><id><string value="10"/></id><localToWorld><transform2D x="-331369.11307219765" y="347982.60399146436" scale="13.581114567825107" rotation="0"/></localToWorld><styleClasses><array><token value="body"/></array></styleClasses><text><text><width>-213.3984375</width><p><span color="16777215"><![CDATA[Good artists ]]></span><span color="0"><![CDATA[COPY]]></span></p><p><span color="16777215"><![CDATA[Great artists ]]></span><span color="0"><![CDATA[STEAL]]></span></p><p/></text></text></zText><zImage><assetSourceFilename><string value="Untitled-6.png"/></assetSourceFilename><height><double value="300"/></height><id><string value="14"/></id><localToWorld><transform2D x="-331400.9432868099" y="346209.82345064456" scale="3.9446374124846995" rotation="0"/></localToWorld><offlineAssetId><string value="4662560617"/></offlineAssetId><onlineAssetId><string value="4662560617"/></onlineAssetId><onlineAssetUrl><string value="http://0103.static.prezi.com.s3.amazonaws.com/media/a/3/d/d027649bfdeb045b7271e95f47f266fa061c3.png"/></onlineAssetUrl><width><double value="484"/></width></zImage><zText><id><string value="16"/></id><localToWorld><transform2D x="-331400.8685083323" y="346926.0235503462" scale="7.666185114610846" rotation="0"/></localToWorld><styleClasses><array><token value="body"/></array></styleClasses><text><text><width>-84.03515625</width><p><span color="16777215"><![CDATA[Picasso]]></span></p></text></text></zText><zInvisibleFrame><height><double value="490.09193931042466"/></height><id><string value="21"/></id><localToWorld><transform2D x="-331391.6700640946" y="312829.4779906307" scale="7.277449976888551" rotation="0"/></localToWorld><styleClasses><array><token value="invisible"/></array></styleClasses><width><double value="692.3417914046526"/></width></zInvisibleFrame><zImage><assetSourceFilename><string value="t.png"/></assetSourceFilename><height><double value="1043"/></height><id><string value="20"/></id><localToWorld><transform2D x="-331398.91723458486" y="312814.4860449062" scale="3.7308011750699417" rotation="0"/></localToWorld><offlineAssetId><string value="4662579272"/></offlineAssetId><onlineAssetId><string value="4662579272"/></onlineAssetId><onlineAssetUrl><string value="http://0103.static.prezi.com.s3.amazonaws.com/media/5/e/6/4159f8f132defc951047babcadc74b5bd5063.png"/></onlineAssetUrl><width><double value="1440"/></width></zImage><zImage><assetSourceFilename><string value="r.png"/></assetSourceFilename><height><double value="1043"/></height><id><string value="27"/></id><localToWorld><transform2D x="-331401.15584783553" y="312813.40270921285" scale="3.731131389440877" rotation="0"/></localToWorld><offlineAssetId><string value="4662583179"/></offlineAssetId><onlineAssetId><string value="4662583179"/></onlineAssetId><onlineAssetUrl><string value="http://0103.static.prezi.com.s3.amazonaws.com/media/d/7/a/61eb6e0a44a9d19db4566eecfa7467de47fb0.png"/></onlineAssetUrl><width><double value="1440"/></width></zImage><zImage><assetSourceFilename><string value="e.png"/></assetSourceFilename><height><double value="1047"/></height><id><string value="28"/></id><localToWorld><transform2D x="-331402.6699450336" y="312820.3675563237" scale="3.7398192002482737" rotation="0"/></localToWorld><offlineAssetId><string value="4662583236"/></offlineAssetId><onlineAssetId><string value="4662583236"/></onlineAssetId><onlineAssetUrl><string value="http://0103.static.prezi.com.s3.amazonaws.com/media/0/3/e/30e77057a1ed9408748336b961ea34dbedf90.png"/></onlineAssetUrl><width><double value="1437"/></width></zImage><zImage><assetSourceFilename><string value="w.png"/></assetSourceFilename><height><double value="1042"/></height><id><string value="30"/></id><localToWorld><transform2D x="-331402.86932565266" y="312811.57265071734" scale="3.7419403285105757" rotation="0"/></localToWorld><offlineAssetId><string value="4662588396"/></offlineAssetId><onlineAssetId><string value="4662588396"/></onlineAssetId><onlineAssetUrl><string value="http://0103.static.prezi.com.s3.amazonaws.com/media/3/6/2/3a77b86f18ea96e1196a385174ba1715ffe38.png"/></onlineAssetUrl><width><double value="1437"/></width></zImage><zImage><assetSourceFilename><string value="q.png"/></assetSourceFilename><height><double value="1040"/></height><id><string value="31"/></id><localToWorld><transform2D x="-331402.2636867734" y="312807.6359980025" scale="3.737554131304601" rotation="0"/></localToWorld><offlineAssetId><string value="4662588422"/></offlineAssetId><onlineAssetId><string value="4662588422"/></onlineAssetId><onlineAssetUrl><string value="http://0103.static.prezi.com.s3.amazonaws.com/media/2/4/b/57f27061779a42782dc7ba55305b500dd482b.png"/></onlineAssetUrl><width><double value="1439"/></width></zImage><zInvisibleFrame><height><double value="600"/></height><id><string value="34"/></id><localToWorld><transform2D x="-317608.23257401556" y="297664.2414623774" scale="4.450225819208669" rotation="-1.5729804759945263"/></localToWorld><styleClasses><array><token value="invisible"/></array></styleClasses><width><double value="800"/></width></zInvisibleFrame><zImage><assetSourceFilename><string value="Untitled-5.jpg"/></assetSourceFilename><height><double value="300"/></height><id><string value="36"/></id><localToWorld><transform2D x="-318023.8573513823" y="297903.8646706038" scale="2.879798266845994" rotation="-1.5729804759945263"/></localToWorld><offlineAssetId><string value="4662596937"/></offlineAssetId><onlineAssetId><string value="4662596937"/></onlineAssetId><onlineAssetUrl><string value="http://0103.static.prezi.com.s3.amazonaws.com/media/c/6/6/32567b936a5145d0cdd450fb5b279815f0a6f.jpg"/></onlineAssetUrl><width><double value="484"/></width></zImage><zInvisibleFrame><height><double value="793.9923985596633"/></height><id><string value="37"/></id><localToWorld><transform2D x="-318041.39213220926" y="297903.90398018766" scale="0.7057881046235664" rotation="-1.5729804759945263"/></localToWorld><styleClasses><array><token value="invisible"/></array></styleClasses><width><double value="1468.5635435449758"/></width></zInvisibleFrame><zImage><assetSourceFilename><string value="https://media.preziusercontent.com/media/e/b/4/995d034e49dc0bb4f466db0f69f2eb452e479.png"/></assetSourceFilename><height><double value="512"/></height><id><string value="88"/></id><localToWorld><transform2D x="-578393.9735361381" y="110144.6512663634" scale="322.24131920085875" rotation="2.929100624969943E-17"/></localToWorld><offlineAssetId><string value="4662642472"/></offlineAssetId><onlineAssetId><string value="4662642472"/></onlineAssetId><onlineAssetUrl><string value="http://0103.static.prezi.com.s3.amazonaws.com/media/1/1/e/00b6ccc23ac51d0f9c87d57074ce2e6c054ad.png"/></onlineAssetUrl><width><double value="508"/></width></zImage><zInvisibleFrame><height><double value="96"/></height><id><string value="92"/></id><localToWorld><transform2D x="-574892.0539255814" y="106608.5851204473" scale="138.53927726065186" rotation="0.6600420040890607"/></localToWorld><styleClasses><array><token value="invisible"/></array></styleClasses><width><double value="357.9352215992021"/></width></zInvisibleFrame><zImage><assetSourceFilename><string value="re.png"/></assetSourceFilename><height><double value="1048"/></height><id><string value="26"/></id><localToWorld><transform2D x="-589740.75" y="94897.45" scale="4.057053191798721" rotation="0.6600420040890604"/></localToWorld><offlineAssetId><string value="4662716592"/></offlineAssetId><onlineAssetId><string value="4662716592"/></onlineAssetId><onlineAssetUrl><string value="http://0103.static.prezi.com.s3.amazonaws.com/media/f/b/1/bd83b479bb535d47b3729a515029e53f2bc2b.png"/></onlineAssetUrl><width><double value="1048"/></width></zImage><zImage><assetSourceFilename><string value="sdgh.png"/></assetSourceFilename><height><double value="1048"/></height><id><string value="29"/></id><localToWorld><transform2D x="-584726.3" y="98789.55" scale="4" rotation="0.6600420040890604"/></localToWorld><offlineAssetId><string value="4662716635"/></offlineAssetId><onlineAssetId><string value="4662716635"/></onlineAssetId><onlineAssetUrl><string value="http://0103.static.prezi.com.s3.amazonaws.com/media/3/6/0/158d6d306174de7cc2081f1d94b44b15b499a.png"/></onlineAssetUrl><width><double value="1048"/></width></zImage><zImage><assetSourceFilename><string value="dzsf.png"/></assetSourceFilename><height><double value="1048"/></height><id><string value="32"/></id><localToWorld><transform2D x="-581001.05" y="101680.95000000001" scale="4" rotation="0.6600420040890604"/></localToWorld><offlineAssetId><string value="4662716668"/></offlineAssetId><onlineAssetId><string value="4662716668"/></onlineAssetId><onlineAssetUrl><string value="http://0103.static.prezi.com.s3.amazonaws.com/media/a/6/1/a732d960051749d0755b608142a508b4850b5.png"/></onlineAssetUrl><width><double value="1048"/></width></zImage><zText><id><string value="90"/></id><localToWorld><transform2D x="-572856.65" y="102760.95" scale="135.60052458974835" rotation="0.6600420040890608"/></localToWorld><styleClasses><array><token value="body"/></array></styleClasses><text><text><width>-298.83984375</width><p><span color="16777215"><![CDATA[Thank you for your attention]]></span></p></text></text></zText><zText><id><string value="35"/></id><localToWorld><transform2D x="-318007.1559539955" y="297889.1494898961" scale="1.5477051166118219" rotation="-1.5729804759945263"/></localToWorld><styleClasses><array><token value="body"/></array></styleClasses><text><text><width>490.907305636018</width><p align="justify"><span color="11793407"><![CDATA[CARGO CULT IN USER EXPERIENCE]]></span></p><p align="justify"/><p align="justify"><span color="16777215"><![CDATA[“The cargo cult in ]]></span><span weight="bold" color="16777215"><![CDATA[UX design]]></span><span color="16777215"><![CDATA[ relates to applying any aspect of design without having the understanding  you really need to make proper use of it”]]></span></p><p align="justify"/><p align="justify"><span color="16777215"><![CDATA[creates a shortcut to ]]></span><span weight="bold" color="16758141"><![CDATA[CRITICAL THINKING]]></span></p><p/></text></text></zText><zImage><assetSourceFilename><string value="ss.jpg"/></assetSourceFilename><height><double value="300"/></height><id><string value="48"/></id><localToWorld><transform2D x="-318026.60109697044" y="297903.7587326939" scale="2.8772391319826833" rotation="-1.5729804759945263"/></localToWorld><offlineAssetId><string value="4662621532"/></offlineAssetId><onlineAssetId><string value="4662621532"/></onlineAssetId><onlineAssetUrl><string value="http://0103.static.prezi.com.s3.amazonaws.com/media/b/7/4/a4382f8e204f1d10fb88fbcacafadef8cbdc4.jpg"/></onlineAssetUrl><width><double value="484"/></width></zImage><zImage><assetSourceFilename><string value="Picture6.png"/></assetSourceFilename><height><double value="942"/></height><id><string value="49"/></id><localToWorld><transform2D x="-318001.8886922557" y="298168.78377227124" scale="0.5020470677215259" rotation="-1.5729804759945263"/></localToWorld><offlineAssetId><string value="4662623142"/></offlineAssetId><onlineAssetId><string value="4662623142"/></onlineAssetId><onlineAssetUrl><string value="http://0103.static.prezi.com.s3.amazonaws.com/media/f/e/1/ee8ec9d7140a90a257cd9e7bdf0783929c294.png"/></onlineAssetUrl><width><double value="398"/></width></zImage><zImage><assetSourceFilename><string value="Picture7.png"/></assetSourceFilename><height><double value="941"/></height><id><string value="50"/></id><localToWorld><transform2D x="-317999.8123202452" y="297921.39693283127" scale="0.5025805927669323" rotation="-1.5729804759945263"/></localToWorld><offlineAssetId><string value="4662623166"/></offlineAssetId><onlineAssetId><string value="4662623166"/></onlineAssetId><onlineAssetUrl><string value="http://0103.static.prezi.com.s3.amazonaws.com/media/9/8/2/b24d5255468cc8446c2244fedf65f3f0ddbc9.png"/></onlineAssetUrl><width><double value="402"/></width></zImage><zImage><assetSourceFilename><string value="Picture8.png"/></assetSourceFilename><height><double value="941"/></height><id><string value="51"/></id><localToWorld><transform2D x="-318002.9641855561" y="297651.76311441546" scale="0.5025805927669323" rotation="-1.5729804759945263"/></localToWorld><offlineAssetId><string value="4662623207"/></offlineAssetId><onlineAssetId><string value="4662623207"/></onlineAssetId><onlineAssetUrl><string value="http://0103.static.prezi.com.s3.amazonaws.com/media/b/7/3/2834f886707b505ea6cc0f2c245fdde484e66.png"/></onlineAssetUrl><width><double value="494"/></width></zImage><zImage><assetSourceFilename><string value="sss.png"/></assetSourceFilename><height><double value="350"/></height><id><string value="52"/></id><localToWorld><transform2D x="-318114.0595872876" y="298171.1404274183" scale="0.5582954203554746" rotation="-1.5729804759945263"/></localToWorld><offlineAssetId><string value="4662623223"/></offlineAssetId><onlineAssetId><string value="4662623223"/></onlineAssetId><onlineAssetUrl><string value="http://0103.static.prezi.com.s3.amazonaws.com/media/5/e/4/c94c6882511d7b56994ae9a0632489b0bff46.png"/></onlineAssetUrl><width><double value="350"/></width></zImage><zImage><assetSourceFilename><string value="sss.png"/></assetSourceFilename><height><double value="350"/></height><id><string value="53"/></id><localToWorld><transform2D x="-318115.88684024726" y="297668.26117850636" scale="0.5582954203554746" rotation="-1.5729804759945263"/></localToWorld><offlineAssetId><string value="4662623223"/></offlineAssetId><onlineAssetId><string value="4662623223"/></onlineAssetId><onlineAssetUrl><string value="http://0103.static.prezi.com.s3.amazonaws.com/media/5/e/4/c94c6882511d7b56994ae9a0632489b0bff46.png"/></onlineAssetUrl><width><double value="350"/></width></zImage><zImage><assetSourceFilename><string value="sss.png"/></assetSourceFilename><height><double value="350"/></height><id><string value="54"/></id><localToWorld><transform2D x="-318112.71319036593" y="297914.17095847987" scale="0.5582954203554746" rotation="-1.5729804759945263"/></localToWorld><offlineAssetId><string value="4662623223"/></offlineAssetId><onlineAssetId><string value="4662623223"/></onlineAssetId><onlineAssetUrl><string value="http://0103.static.prezi.com.s3.amazonaws.com/media/5/e/4/c94c6882511d7b56994ae9a0632489b0bff46.png"/></onlineAssetUrl><width><double value="350"/></width></zImage><zText><id><string value="56"/></id><localToWorld><transform2D x="-317949.50433113606" y="297908.3560937527" scale="0.8459373438535917" rotation="-1.5729804759945263"/></localToWorld><styleClasses><array><token value="body"/></array></styleClasses><text><text><width>-197.4140625</width><p/><p><span color="0"><![CDATA[Marge’s goals]]></span></p><p/><p indent="1" listType="bullet"><span color="16777215"><![CDATA[Be safe]]></span></p><p indent="1" listType="bullet"><span color="16777215"><![CDATA[Be comfortable]]></span></p><p/></text></text></zText><zText><id><string value="57"/></id><localToWorld><transform2D x="-317948.35027663154" y="298171.28817761794" scale="0.8459373438535917" rotation="-1.5729804759945263"/></localToWorld><styleClasses><array><token value="body"/></array></styleClasses><text><text><width>-189.01171875</width><p/><p><span><![CDATA[Alesandro’s goals]]></span></p><p/><p indent="1" listType="bullet"><span color="16777215"><![CDATA[Go fast]]></span></p><p indent="1" listType="bullet"><span color="16777215"><![CDATA[Have fun]]></span></p><p/></text></text></zText><zImage><assetSourceFilename><string value="Picture9.png"/></assetSourceFilename><height><double value="314"/></height><id><string value="58"/></id><localToWorld><transform2D x="-317808.32499714656" y="297920.9545220561" scale="0.5392311555084927" rotation="-1.5729804759945263"/></localToWorld><offlineAssetId><string value="4662628541"/></offlineAssetId><onlineAssetId><string value="4662628541"/></onlineAssetId><onlineAssetUrl><string value="http://0103.static.prezi.com.s3.amazonaws.com/media/3/9/6/bf5fddf90596b7b5567e5f9a5d8ef100419a9.png"/></onlineAssetUrl><width><double value="1537"/></width></zImage><zText><id><string value="55"/></id><localToWorld><transform2D x="-317944.7354426134" y="297668.53345432616" scale="0.8459373438535917" rotation="-1.5729804759945263"/></localToWorld><styleClasses><array><token value="body"/></array></styleClasses><text><text><width>-188.09765625</width><p><span><![CDATA[Dale’s goals]]></span></p><p/><p indent="1" listType="bullet"><span color="16777215"><![CDATA[Haul big loads]]></span></p><p indent="1" listType="bullet"><span color="16777215"><![CDATA[Be reliable]]></span></p><p/></text></text></zText><zText><id><string value="64"/></id><localToWorld><transform2D x="-318218.3347857258" y="297920.7517434265" scale="2.4613974614364023" rotation="-1.5729804759945263"/></localToWorld><styleClasses><array><token value="body"/></array></styleClasses><text><text><width>-208.1015625</width><p><span color="16777215"><![CDATA[Keep asking ]]></span><span weight="bold" color="16777215"><![CDATA[WHY]]></span><span color="16777215"><![CDATA[?]]></span></p><p/></text></text></zText><zImage><assetSourceFilename><string value="ss.jpg"/></assetSourceFilename><height><double value="300"/></height><id><string value="73"/></id><localToWorld><transform2D x="-318049.9" y="297901.8" scale="2.886217894449418" rotation="-1.5729804759945263"/></localToWorld><offlineAssetId><string value="4662621532"/></offlineAssetId><onlineAssetId><string value="4662621532"/></onlineAssetId><onlineAssetUrl><string value="http://0103.static.prezi.com.s3.amazonaws.com/media/b/7/4/a4382f8e204f1d10fb88fbcacafadef8cbdc4.jpg"/></onlineAssetUrl><width><double value="484"/></width></zImage><zImage><assetSourceFilename><string value="Untitled-7.png"/></assetSourceFilename><height><double value="500"/></height><id><string value="85"/></id><localToWorld><transform2D x="-317987.6036573815" y="297892.83369500417" scale="1.0635862803694884" rotation="-1.5729804759945263"/></localToWorld><offlineAssetId><string value="4662636425"/></offlineAssetId><onlineAssetId><string value="4662636425"/></onlineAssetId><onlineAssetUrl><string value="http://0103.static.prezi.com.s3.amazonaws.com/media/6/7/8/f82234bf576c7f1cb956b0c5634f45335d679.png"/></onlineAssetUrl><width><double value="803"/></width></zImage><zText><id><string value="84"/></id><localToWorld><transform2D x="-318233.8476361475" y="297893.4414858087" scale="1.8550552525582895" rotation="-1.5729804759945263"/></localToWorld><styleClasses><array><token value="body"/></array></styleClasses><text><text><width>-510.73828125</width><p><span color="16777215"><![CDATA[TO AVOID USER EXPERIENCE ]]></span><span weight="bold" color="16777215"><![CDATA[CARGO CULT]]></span></p><p/><p/></text></text></zText><zImage><assetSourceFilename><string value="Untitled-.png"/></assetSourceFilename><height><double value="300"/></height><id><string value="44"/></id><localToWorld><transform2D x="-318025.33904476464" y="297897.058483994" scale="2.9088050587574785" rotation="-1.5729804759945263"/></localToWorld><offlineAssetId><string value="4662605992"/></offlineAssetId><onlineAssetId><string value="4662605992"/></onlineAssetId><onlineAssetUrl><string value="http://0103.static.prezi.com.s3.amazonaws.com/media/f/4/f/0d767b5f1ed5abefff7bd6b7d73417af72760.png"/></onlineAssetUrl><width><double value="484"/></width></zImage><zText><id><string value="38"/></id><localToWorld><transform2D x="-317779.25212801836" y="297906.10226642305" scale="2.3776179096611503" rotation="-1.5729804759945263"/></localToWorld><styleClasses><array><token value="title"/></array></styleClasses><text><text><width>-302.70703125</width><p><span color="16777215"><![CDATA[Innovation means ]]></span><span color="0"><![CDATA[no copy]]></span></p><p/></text></text></zText><zImage><assetSourceFilename><string value="Untitled-2.png"/></assetSourceFilename><height><double value="350"/></height><id><string value="39"/></id><localToWorld><transform2D x="-318073.8216593565" y="297906.48971397773" scale="0.5982460259847502" rotation="-1.5729804759945263"/></localToWorld><offlineAssetId><string value="4662601527"/></offlineAssetId><onlineAssetId><string value="4662601527"/></onlineAssetId><onlineAssetUrl><string value="http://0103.static.prezi.com.s3.amazonaws.com/media/a/5/4/f57441c646d5e646bfe3a4540ef1bbc834f73.png"/></onlineAssetUrl><width><double value="350"/></width></zImage><zText><id><string value="93"/></id><localToWorld><transform2D x="-317922.21387618536" y="297906.3194867294" scale="0.9802336285605722" rotation="-1.5729804759945263"/></localToWorld><styleClasses><array><token value="body"/></array></styleClasses><text><text><width>-281.5078125</width><p><span color="16777215"><![CDATA[Good design is innovative.]]></span></p><p><span color="16777215"><![CDATA[“Diter rams”]]></span></p><p/></text></text></zText><zText><id><string value="94"/></id><localToWorld><transform2D x="-318223.98760040407" y="297906.8566947054" scale="1.7365436672464032" rotation="-1.5729804759945263"/></localToWorld><styleClasses><array><token value="body"/></array></styleClasses><text><text><width>-140.0859375</width><p><span color="16777215"><![CDATA[Good Design]]></span></p><p/></text></text></zText><zImage><assetSourceFilename><string value="Untitled-5.jpg"/></assetSourceFilename><height><double value="300"/></height><id><string value="12"/></id><localToWorld><transform2D x="-318025.55" y="297896.9" scale="2.910000544121515" rotation="-1.5729804759945263"/></localToWorld><offlineAssetId><string value="4662679880"/></offlineAssetId><onlineAssetId><string value="4662679880"/></onlineAssetId><onlineAssetUrl><string value="http://0103.static.prezi.com.s3.amazonaws.com/media/8/1/e/5e8e137e2d6248c9a4a5557d2852b17c00886.jpg"/></onlineAssetUrl><width><double value="484"/></width></zImage><zImage><assetSourceFilename><string value="193.png"/></assetSourceFilename><height><double value="122"/></height><id><string value="17"/></id><localToWorld><transform2D x="-317829.7386505314" y="297478.9641295727" scale="1.0231838951926917" rotation="-1.5729804759945263"/></localToWorld><mask><rectangle x="816" y="0" w="20" h="14"/></mask><offlineAssetId><string value="4662683220"/></offlineAssetId><onlineAssetId><string value="4662683220"/></onlineAssetId><onlineAssetUrl><string value="http://0103.static.prezi.com.s3.amazonaws.com/media/0/8/c/1103d3a442c48bc5e17ec048b30fdc0417f98.png"/></onlineAssetUrl><width><double value="836"/></width></zImage><zText><id><string value="13"/></id><localToWorld><transform2D x="-318018.78774501086" y="297894.9924042186" scale="1.7394171989055989" rotation="-1.5729804759945263"/></localToWorld><styleClasses><array><token value="body"/></array></styleClasses><text><text><width>469.8299109081301</width><p align="justify"><span color="16777215"><![CDATA[Decision Bias]]></span></p><p align="justify"/><p align="justify"><span color="16777215"><![CDATA[Dangerous cycle of trying to imitate rather than innovate Decision bias that has huge consequences in product design.]]></span></p><p align="justify"/><p align="center"><span color="14938705"><![CDATA[“We must be careful to not become ]]></span></p><p align="center"><span color="14938705"><![CDATA[too attached to ]]></span><span color="16775176"><![CDATA[inspiration]]></span><span color="14938705"><![CDATA[ subject.”]]></span></p><p align="right"/></text></text></zText><zImage><assetSourceFilename><string value="sd.jpg"/></assetSourceFilename><height><double value="300"/></height><id><string value="19"/></id><localToWorld><transform2D x="-318024.7" y="297897.8" scale="2.9030981694441778" rotation="-1.5729804759945263"/></localToWorld><offlineAssetId><string value="4662687203"/></offlineAssetId><onlineAssetId><string value="4662687203"/></onlineAssetId><onlineAssetUrl><string value="http://0103.static.prezi.com.s3.amazonaws.com/media/8/e/9/d4c73df1afb01ce648a7cadd9a6cf1d975678.jpg"/></onlineAssetUrl><width><double value="484"/></width></zImage><zImage><assetSourceFilename><string value="magnifying-glass-search-icon.png"/></assetSourceFilename><height><double value="700"/></height><id><string value="23"/></id><localToWorld><transform2D x="-317938.00250061223" y="297617.9589599731" scale="0.38087322697119086" rotation="-1.5729804759945263"/></localToWorld><offlineAssetId><string value="4662690934"/></offlineAssetId><onlineAssetId><string value="4662690934"/></onlineAssetId><onlineAssetUrl><string value="http://0103.static.prezi.com.s3.amazonaws.com/media/c/a/b/0f6bbc72afa215c4b5febc939486f6762619e.png"/></onlineAssetUrl><width><double value="600"/></width></zImage><zText><id><string value="22"/></id><localToWorld><transform2D x="-318029.4263414854" y="297893.2296268303" scale="1.7638319648061902" rotation="-1.5729804759945263"/></localToWorld><styleClasses><array><token value="body"/></array></styleClasses><text><text><width>449.45788047999736</width><p><span color="3518377"><![CDATA[Inspiration is critical to the design process]]></span></p><p/><p/><p><span color="15724527"><![CDATA[“]]></span><span color="14938705"><![CDATA[Inspiration]]></span><span color="15724527"><![CDATA[ forces us to push the limits of our own ]]></span><span color="14938705"><![CDATA[innovation]]></span><span color="15724527"><![CDATA[.”]]></span></p><p/></text></text></zText></array></zObjects></prezi>